[
    {
        "id": 1,
        "window": [
            1717228800000,
            1717255800000
        ],
        "steps": [
            [
                1717228800000,
                1717230600000
            ],
            [
                1717241400000,
                1717245000000
            ],
            [
                1717246800000,
                1717254000000
            ]
        ]
    },
    {
        "id": 2,
        "window": [
            1717230800000,
            1717250400000
        ],
        "steps": [
            [
                1717232400000,
                1717237800000
            ],
            [
                1717238500000,
                1717239900000
            ],
            [
                1717245000000,
                1717248600000
            ]
        ]
    },
    {
        "id": 3,
        "window": [
            1717228800000,
            1717255800000
        ],
        "steps": [
            [
                1717236000000,
                1717246800000
            ],
            [
                1717248600000,
                1717250400000
            ],
            [
                1717252200000,
                1717254000000
            ]
        ]
    },
    {
        "id": 4,
        "window": [
            1717221000000,
            1717266200000
        ],
        "steps": [
            [
                1717228800000,
                1717238700000
            ],
            [
                1717251300000,
                1717259400000
            ]
        ]
    },
    {
        "id": 5,
        "window": [
            1717240000000,
            1717250000000
        ],
        "steps": [
            [
                1717242500000,
                1717245000000
            ],
            [
                1717247500000,
                1717250000000
            ]
        ]
    }
]